<?xml version="1.0" encoding="UTF-8"?>
<addon id="plugin.video.einthusan"
       name="Einthusan"
       version="2.0.67"
       provider-name="merags">
    <requires>
        <import addon="xbmc.python" version="3.0.0"/>
        <import addon="script.module.requests" version="2.7.0" />
  	<import addon="script.module.web-pdb" />
    </requires>
    <extension point="xbmc.python.pluginsource"
               library="default.py">
        <provides>video</provides>
    </extension>
    <extension point="xbmc.addon.metadata">
        <platform>all</platform>
        <summary>Watch Hindi, Tamil  movies</summary>
        <description>This XBMC plugin allows to watch Hindi and Tamil movies from Einthusan.com. Please support them.
        
[COLOR yellow][merags][/COLOR] Credits to Humla and other for creating the original addon. Since it stopped working and the original authors had probably stopped supporting, I made a few changes to get it working again.</description>
    </extension>
</addon>
